INSERT INTO subject (id, name, short_name) VALUES
(1, 'Проектирование информационных систем', 'ПрИС');
INSERT INTO subject (id, name, short_name) VALUES
(2, 'Системы искусственного интеллекта', 'СИИ');
INSERT INTO subject (id, name, short_name) VALUES
(3, 'Программная инженерия', 'ПИ');
INSERT INTO subject (id, name, short_name) VALUES
(4, 'Национальная система информационной безопасности', 'НСИБ');
INSERT INTO subject (id, name, short_name) VALUES
(5, 'Системный анализ', 'СисАнал');
INSERT INTO subject (id, name, short_name) VALUES
(6, 'Распределенные базы данных', 'РБД');
INSERT INTO subject (id, name, short_name) VALUES
(7, 'Системное программное обеспечение', 'СПО');

INSERT INTO exam_type(id, type) values
(1, 'Экзамен');
INSERT INTO exam_type(id, type) values
(2, 'Зачет');
INSERT INTO exam_type(id, type) values
(3, 'Зачет с оценкой');
INSERT INTO exam_type(id, type) values
(4, 'Курсовая');

INSERT INTO study_plan (id, subject_id, exam_type_id) VALUES
(1, 1, 1);
INSERT INTO study_plan (id, subject_id, exam_type_id) VALUES
(2, 1, 4);
INSERT INTO study_plan (id, subject_id, exam_type_id) VALUES
(3, 2, 1);
INSERT INTO study_plan (id, subject_id, exam_type_id) VALUES
(4, 3, 1);
INSERT INTO study_plan (id, subject_id, exam_type_id) VALUES
(5, 4, 2);
INSERT INTO study_plan (id, subject_id, exam_type_id) VALUES
(6, 5, 1);
INSERT INTO study_plan (id, subject_id, exam_type_id) VALUES
(7, 6, 2);
INSERT INTO study_plan (id, subject_id, exam_type_id) VALUES
(8, 7, 1);

INSERT INTO mark (id, name, value) VALUES
(1, 'Отлично', 5);
INSERT INTO mark (id, name, value) VALUES
(2, 'Хорошо', 4);
INSERT INTO mark (id, name, value) VALUES
(3, 'Удовлетворительно', 3);
INSERT INTO mark (id, name, value) VALUES
(4, 'Неудовлетворительно', 2);
INSERT INTO mark (id, name, value) VALUES
(5, 'Зачет', 'з');
INSERT INTO mark (id, name, value) VALUES
(6, 'Незачет', 'н');
INSERT INTO mark (id, name, value) VALUES
(7, 'Неявка', '');